,Departamento,DPTO_CCDGO,Codigo_Departamento,Total_votos,votos_en_blanco,votos_no_marcados,votos_nulos,Total_votos_No_Validos,votos_en_blanco_Norm,votos_no_marcados_Norm,votos_nulos_Norm,Total_votos_No_Validos_Norm,Total_Partidos,Total_Partidos_95,Partido_1,Partido_1_Votos,Partido_1_Porc,Partido_2,Partido_2_Votos,Partido_2_Porc,Partido_3,Partido_4,Partido_5,Diff,ALF_Sabe_Leer,ALF_No_Sabe_Leer,ALF_SININF,ALF_Sabe_Leer_Norm,ALF_No_Sabe_Leer_Norm,ALF_SININF_Norm,EDAD_19_menos,EDAD_20-24_anos,EDAD_25-29_anos,EDAD_30-34_anos,EDAD_35-39_anos,EDAD_40-44_anos,EDAD_45-49_anos,EDAD_50-54_anos,EDAD_55-59_anos,EDAD_60_mas,EDAD_19_o_menor,EDAD_20_24_Norm,EDAD_25_29_Norm,EDAD_30_34_Norm,EDAD_35_39_Norm,EDAD_40_44_Norm,EDAD_45_49_Norm,EDAD_50_54_Norm,EDAD_55_59_Norm,EDAD_60_o_mas,ED_Ninguno,ED_Preescolar,ED_Primaria_Completa,ED_Primaria_Incompleta,ED_Secundaria_Completa,ED_Secundaria_Incompleta,ED_Media_Completa,ED_Media_Incompleta,ED_Ordinaria_Completa,ED_Ordinaria_Incompleta,ED_Tecnico,ED_Tecnologico,ED_Universitario,ED_Postgrado,ED_SININF,ED_Ninguno_Norm,ED_Preescolar_Norm,ED_Primaria_Completa_Norm,ED_Primaria_Incompleta_Norm,ED_Secundaria_Completa_Norm,ED_Secundaria_Incompleta_Norm,ED_Media_Completa_Norm,ED_Media_Incompleta_Norm,ED_Ordinaria_Completa_Norm,ED_Ordinaria_Incompleta_Norm,ED_Tecnico_Norm,ED_Tecnologico_Norm,ED_Universitario_Norm,ED_Postgrado_Norm,ED_SININF_Norm,ET_Indigena,ET_Gitano,ET_Raizal,ET_Palenquero,ET_Negro,ET_NOETNIA,ET_SININF,ET_Indigena_Norm,ET_Gitano_Norm,ET_Raizal_Norm,ET_Palenquero_Norm,ET_Negro_Norm,ET_NOETNIA_Norm,ET_SININF_Norm,Total_x,EST_Union_libre_x,EST_Casado_x,EST_Divorciado_x,EST_Separado_de_union_libre_x,EST_Separado_de_matrimonio_x,EST_Viudo_x,EST_Soltero_x,EST_SININF_x,EST_Union_libre_Norm,EST_Casado_Norm,EST_Divorciado_Norm,EST_Separado_de_union_libre_Norm,EST_Separado_de_matrimonio_Norm,EST_Viudo_Norm,EST_Soltero_Norm,EST_SININF_Norm,Total_y,EST_Union_libre_y,EST_Casado_y,EST_Divorciado_y,EST_Separado_de_union_libre_y,EST_Separado_de_matrimonio_y,EST_Viudo_y,EST_Soltero_y,EST_SININF_y,EST_Union_libre_Norm_y,EST_Casado_Norm_y,EST_Divorciado_Norm_y,EST_Separado_de_union_libre_Norm_y,EST_Separado_de_matrimonio_Norm_y,EST_Viudo_Norm_y,EST_Soltero_Norm_y,EST_SININF_Norm_y,SAN_Inodoro-alcantarillado,SAN_Inodoro-pozo_septico,SAN_Inodoro_sin_conexion,SAN_Letrina,SAN_Inodoro-fuentes_de_agua,SAN_Sin_servicio_sanitario,SAN_SININF,SAN_Inodoro_alcantarillado_Norm,SAN_Inodoro_pozo_septico_Norm,SAN_Inodoro_sin_conexion_Norm,SAN_Letrina_Norm,SAN_Inodoro_fuentes_de_agua_Norm,SAN_Sin_servicio_sanitario_Norm,SAN_SININF_Norm,SER_Energia_electrica_Si,SER_Energia_electrica_No,SER_Acueducto_Si,SER_Acueducto_No,SER_Alcantarillado_Si,SER_Alcantarillado_No,SER_Gas_natural_Si,SER_Gas_natural_No,SER_Gas_natural_Sin_informacion,SER_Basuras_Si,SER_Basuras_No,SER_Internet_Si,SER_Internet_No,SER_Internet_Sin_informacion,SER_Energia_electrica_Si_Norm,SER_Energia_electrica_No_Norm,SER_Acueducto_Si_Norm,SER_Acueducto_No_Norm,SER_Alcantarillado_Si_Norm,SER_Alcantarillado_No_Norm,SER_Gas_natural_Si_Norm,SER_Gas_natural_No_Norm,SER_Gas_natural_Sin_informacion_Norm,SER_Basuras_Si_Norm,SER_Basuras_No_Norm,SER_Internet_Si_Norm,SER_Internet_No_Norm,SER_Internet_Sin_informacion_Norm,SX_Hombre,SX_Mujer,SX_Hombre_Norm,SX_Mujer_Norm,Pareja_joven_sin_hijos,Etapa_inicial,Etapa_de_expansion_,Etapa_de_consolidacion_,Etapa_de_salida_,Pareja_mayor_sin_hijos,TH_Pareja_joven_sin_hijos_Norm,TH_Etapa_inicial_Norm,TH_Etapa_de_expansion__Norm,TH_Etapa_de_consolidacion__Norm,TH_Etapa_de_salida__Norm,TH_Pareja_mayor_sin_hijos_Norm
0,AMAZONAS,91,60,19972,471,48,167,686,0.023583016,0.002403365,0.008361706,0.034348087,41,5,PARTIDO CENTRO DEMOCRATICO,9962,0.4988,COALICION PETRO PRESIDENTE,9324,0.4669,PARTIDO LIBERAL COLOMBIANO: 0.242,PARTIDO ALIANZA VERDE: 0.064,PARTIDO POLO DEMOCRÁTICO ALTERNATIVO: 0.027,0.0319,37149,2324,1101,0.9156,0.0573,0.0271,28540,5447,5029,4507,4007,3239,2830,2355,1971,4273,0.459,0.088,0.081,0.072,0.064,0.052,0.045,0.038,0.032,0.069,2037,1664,6912,12327,2901,10776,10029,2685,333,351,2410,701,2007,723,3127,0.035,0.028,0.117,0.209,0.049,0.183,0.17,0.046,0.006,0.006,0.041,0.012,0.034,0.012,0.053,35627,5,13,0,466,23829,2258,0.5728,0.0001,0.0002,0,0.0075,0.3831,0.0363,51278,16759,5506,148,1831,337,1263,20297,5137,0.327,0.107,0.003,0.036,0.007,0.025,0.396,0.1,51278,16759,5506,148,1831,337,1263,20297,5137,0.327,0.107,0.003,0.036,0.007,0.025,0.396,0.1,4867,6121,439,479,720,2194,602,0.316,0.397,0.028,0.031,0.047,0.142,0.039,11954,3468,5962,9460,5241,10181,298,14605,519,7759,7663,788,13972,662,0.775,0.225,0.387,0.613,0.34,0.66,0.019,0.947,0.034,0.503,0.497,0.051,0.906,0.043,34422,31634,0.521,0.479,579,1771,2591,5057,2108,840,0.045,0.137,0.2,0.391,0.163,0.065
1,ANTIOQUIA,5,1,2590536,139613,4825,38417,182855,6.990436611,0.241588224,1.92354296,9.155567795,47,8,PARTIDO CENTRO DEMOCRATICO,1850996,0.7145,COALICION PETRO PRESIDENTE,556685,0.2149,PARTIDO CONSERVADOR COLOMBIANO: 0.152,PARTIDO CAMBIO RADICAL: 0.078,PARTIDO ALIANZA VERDE: 0.076,0.4996,4502034,208834,47149,0.9462,0.0439,0.0099,1666426,534644,521255,469661,445563,364765,362449,380933,338603,847193,0.281,0.09,0.088,0.079,0.075,0.061,0.061,0.064,0.057,0.143,222981,110875,657612,961812,214668,738182,1274048,147392,6373,22137,334847,192740,523255,146248,76285,0.04,0.02,0.117,0.171,0.038,0.131,0.226,0.026,0.001,0.004,0.059,0.034,0.093,0.026,0.014,37398,140,572,183,310688,5527564,54947,0.0063,0,0.0001,0,0.0524,0.9319,0.0093,5247570,1072324,1230824,49080,131148,156336,228852,2320856,58150,0.204,0.235,0.009,0.025,0.03,0.044,0.442,0.011,5247570,1072324,1230824,49080,131148,156336,228852,2320856,58150,0.204,0.235,0.009,0.025,0.03,0.044,0.442,0.011,1563592,197767,43731,4295,77098,34531,12569,0.809,0.102,0.023,0.002,0.04,0.018,0.007,1910386,23197,1741310,192273,1597608,335975,1194873,726032,12678,1720765,212818,1007573,913146,12864,0.988,0.012,0.901,0.099,0.826,0.174,0.618,0.375,0.007,0.89,0.11,0.521,0.472,0.007,2885383,3089405,0.483,0.517,93562,141922,218681,400753,486460,157035,0.062,0.095,0.146,0.267,0.325,0.105
2,ARAUCA,81,40,93490,3220,238,1513,4971,0.161225716,0.011916683,0.075756058,0.248898458,39,4,PARTIDO CENTRO DEMOCRATICO,59591,0.6374,COALICION PETRO PRESIDENTE,28928,0.3094,PARTIDO CAMBIO RADICAL: 0.277,COALICION ARAUCA PARA TODOS: 0.064,NO INFO,0.328,156833,11171,1514,0.9252,0.0659,0.0089,90094,22121,20871,18255,16852,14020,12953,11491,9304,20785,0.381,0.093,0.088,0.077,0.071,0.059,0.055,0.049,0.039,0.088,13125,6046,30874,50064,8379,31790,39161,6031,244,546,9390,2903,12538,3349,20,0.061,0.028,0.144,0.233,0.039,0.148,0.183,0.028,0.001,0.003,0.044,0.014,0.058,0.016,0,6229,4,51,13,9963,218633,1853,0.0263,0,0.0002,0.0001,0.0421,0.9235,0.0078,196019,65138,28429,820,11724,2771,6067,77587,3483,0.332,0.145,0.004,0.06,0.014,0.031,0.396,0.018,196019,65138,28429,820,11724,2771,6067,77587,3483,0.332,0.145,0.004,0.06,0.014,0.031,0.396,0.018,39648,23932,636,464,210,5509,595,0.558,0.337,0.009,0.007,0.003,0.078,0.008,65030,5964,51727,19267,40868,30126,2872,67530,592,48238,22756,9395,61005,594,0.916,0.084,0.729,0.271,0.576,0.424,0.04,0.951,0.008,0.679,0.321,0.132,0.859,0.008,121060,118443,0.505,0.495,3300,7910,11678,18288,10800,5240,0.058,0.138,0.204,0.32,0.189,0.092
3,ATLANTICO,8,3,807796,17746,612,4834,23192,0.888543962,0.0306429,0.242038854,1.161225716,46,7,COALICION PETRO PRESIDENTE,440975,0.5459,PARTIDO CENTRO DEMOCRATICO,343629,0.4254,PARTIDO DE LA U: 0.123,PARTIDO LIBERAL COLOMBIANO: 0.112,PARTIDO CENTRO DEMOCRÁTICO: 0.083,-0.1205,1697934,64272,17975,0.9538,0.0361,0.0101,763658,205726,196103,177860,171065,143334,136668,134839,118245,288936,0.327,0.088,0.084,0.076,0.073,0.061,0.058,0.058,0.051,0.124,69822,54508,215995,292320,89111,264309,554614,69678,2575,6205,174756,47435,250552,43076,27396,0.032,0.025,0.1,0.135,0.041,0.122,0.256,0.032,0.001,0.003,0.081,0.022,0.116,0.02,0.013,39045,101,470,851,138770,2133725,23472,0.0167,0,0.0002,0.0004,0.0594,0.9132,0.01,1975614,540412,443779,10687,101061,41118,74039,743110,21408,0.274,0.225,0.005,0.051,0.021,0.037,0.376,0.011,1975614,540412,443779,10687,101061,41118,74039,743110,21408,0.274,0.225,0.005,0.051,0.021,0.037,0.376,0.011,503712,74413,1982,1397,2026,11123,3526,0.842,0.124,0.003,0.002,0.003,0.019,0.006,591697,6482,576711,21468,511207,86972,535085,59552,3542,565186,32993,274001,320552,3626,0.989,0.011,0.964,0.036,0.855,0.145,0.895,0.1,0.006,0.945,0.055,0.458,0.536,0.006,1140357,1201908,0.487,0.513,24163,57870,84060,151306,168550,46253,0.045,0.109,0.158,0.284,0.317,0.087
4,BOGOTA D.C.,11,16,3578130,200249,1417,38322,239988,10.02648708,0.070949329,1.918786301,12.01622271,47,9,COALICION PETRO PRESIDENTE,1889050,0.5279,PARTIDO CENTRO DEMOCRATICO,1449092,0.405,"COALICION LISTA DE LA DECENCIA (ASI,UP,MAIS): 0.107",PARTIDO CAMBIO RADICAL: 0.098,PARTIDO LIBERAL COLOMBIANO: 0.076,-0.1229,5634570,74713,108975,0.9684,0.0128,0.0187,1882574,691824,675619,605291,571831,477850,451720,451485,399119,942227,0.263,0.097,0.094,0.085,0.08,0.067,0.063,0.063,0.056,0.132,111390,140735,633749,669227,249880,650850,1590176,163159,5257,22797,499767,240571,1213555,416430,161781,0.016,0.021,0.094,0.099,0.037,0.096,0.235,0.024,0.001,0.003,0.074,0.036,0.179,0.062,0.024,18560,571,1046,218,65069,6928507,135569,0.0026,0.0001,0.0001,0,0.0091,0.9691,0.019,6321329,1427676,1371179,73982,247438,164822,226242,2686010,123980,0.226,0.217,0.012,0.039,0.026,0.036,0.425,0.02,6321329,1427676,1371179,73982,247438,164822,226242,2686010,123980,0.226,0.217,0.012,0.039,0.026,0.036,0.425,0.02,2287247,20782,1826,257,4537,1310,29231,0.975,0.009,0.001,0,0.002,0.001,0.012,2339400,5790,2332920,12270,2325515,19675,2183785,131835,29570,2329993,15197,1748648,566617,29925,0.998,0.002,0.995,0.005,0.992,0.008,0.931,0.056,0.013,0.994,0.006,0.746,0.242,0.013,3433586,3747883,0.478,0.522,128079,193476,280997,487132,578681,173970,0.07,0.105,0.153,0.264,0.314,0.094
5,BOLIVAR,13,5,679640,12633,784,3944,17361,0.63253555,0.039254957,0.197476467,0.869266974,43,6,PARTIDO CENTRO DEMOCRATICO,345595,0.5085,COALICION PETRO PRESIDENTE,316684,0.466,PARTIDO LIBERAL COLOMBIANO: 0.147,PARTIDO DE LA U: 0.118,PARTIDO CENTRO DEMOCRÁTICO: 0.087,0.0425,1272376,107344,10425,0.9153,0.0772,0.0075,688890,163862,153483,137523,129187,111688,106783,102596,86813,222631,0.362,0.086,0.081,0.072,0.068,0.059,0.056,0.054,0.046,0.117,107699,45590,195487,316262,72579,251746,375463,57561,1950,5643,106725,41444,127634,23473,18865,0.062,0.026,0.112,0.181,0.042,0.144,0.215,0.033,0.001,0.003,0.061,0.024,0.073,0.013,0.011,5199,31,571,3988,314681,1567113,11873,0.0027,0,0.0003,0.0021,0.1653,0.8233,0.0062,1573107,529991,256049,4882,111829,21126,52780,581952,14498,0.337,0.163,0.003,0.071,0.013,0.034,0.37,0.009,1573107,529991,256049,4882,111829,21126,52780,581952,14498,0.337,0.163,0.003,0.071,0.013,0.034,0.37,0.009,254361,185116,5455,6645,3189,51816,2587,0.5,0.364,0.011,0.013,0.006,0.102,0.005,482243,26926,400728,108441,259262,249907,355014,151530,2625,362286,146883,134641,371856,2672,0.947,0.053,0.787,0.213,0.509,0.491,0.697,0.298,0.005,0.712,0.288,0.264,0.73,0.005,947598,961862,0.496,0.504,20450,55642,77923,132261,116787,47328,0.045,0.124,0.173,0.294,0.259,0.105
6,BOYACA,15,7,574026,20682,896,8785,30363,1.03554977,0.044862808,0.439865812,1.52027839,45,7,PARTIDO CENTRO DEMOCRATICO,309879,0.5398,COALICION PETRO PRESIDENTE,233784,0.4073,PARTIDO CAMBIO RADICAL: 0.152,PARTIDO CENTRO DEMOCRÁTICO: 0.134,MOVIMIENTO ALTERNATIVO INDIGENA Y SOCIAL - MAIS: 0.109,0.1325,812915,49800,8823,0.9327,0.0571,0.0101,352764,88718,78455,75900,78143,71843,70010,67717,61303,179637,0.314,0.079,0.07,0.067,0.069,0.064,0.062,0.06,0.055,0.16,49528,23222,155874,223755,45279,124475,196177,29077,976,3299,42356,22887,94742,34895,16598,0.047,0.022,0.147,0.21,0.043,0.117,0.185,0.027,0.001,0.003,0.04,0.022,0.089,0.033,0.016,6877,17,62,16,3880,1103278,10360,0.0061,0,0.0001,0,0.0035,0.9811,0.0092,978726,190098,269600,6884,22413,22402,49956,405521,11852,0.194,0.275,0.007,0.023,0.023,0.051,0.414,0.012,978726,190098,269600,6884,22413,22402,49956,405521,11852,0.194,0.275,0.007,0.023,0.023,0.051,0.414,0.012,226936,101767,17279,1377,3826,14449,3477,0.615,0.276,0.047,0.004,0.01,0.039,0.009,358502,10609,315674,53437,233357,135754,191122,174513,3476,236721,132390,90750,274840,3521,0.971,0.029,0.855,0.145,0.632,0.368,0.518,0.473,0.009,0.641,0.359,0.246,0.745,0.01,559084,576614,0.492,0.508,9099,25496,46561,87248,75192,42074,0.032,0.089,0.163,0.305,0.263,0.147
7,CALDAS,17,9,446766,26798,1210,11507,39515,1.34177849,0.060584819,0.576156619,1.978519928,46,9,PARTIDO CENTRO DEMOCRATICO,285846,0.6398,COALICION PETRO PRESIDENTE,121405,0.2717,PARTIDO CENTRO DEMOCRÁTICO: 0.171,PARTIDO CAMBIO RADICAL: 0.106,PARTIDO CONSERVADOR COLOMBIANO: 0.105,0.3681,702054,37174,5573,0.9426,0.0499,0.0075,243340,73656,68896,62806,64443,56766,59658,62151,58730,164338,0.266,0.081,0.075,0.069,0.07,0.062,0.065,0.068,0.064,0.18,36039,15674,113818,175709,33476,114017,184452,22341,1548,2278,41376,21545,77598,24516,9771,0.041,0.018,0.13,0.201,0.038,0.13,0.211,0.026,0.002,0.003,0.047,0.025,0.089,0.028,0.011,55632,37,107,30,14447,837707,6824,0.0608,0,0.0001,0,0.0158,0.9157,0.0075,818410,176244,198080,8655,25498,26242,43925,333227,6539,0.215,0.242,0.011,0.031,0.032,0.054,0.407,0.008,818410,176244,198080,8655,25498,26242,43925,333227,6539,0.215,0.242,0.011,0.031,0.032,0.054,0.407,0.008,241415,40454,5671,1535,10747,2768,1919,0.793,0.133,0.019,0.005,0.035,0.009,0.006,300623,3886,270261,34248,247395,57114,191171,111351,1987,249435,55074,130032,172438,2039,0.987,0.013,0.888,0.112,0.812,0.188,0.628,0.366,0.007,0.819,0.181,0.427,0.566,0.007,447499,475973,0.485,0.515,11550,18760,31035,60002,79212,33995,0.049,0.08,0.132,0.256,0.338,0.145
8,CAQUETA,18,44,129933,4912,274,1688,6874,0.245944322,0.013719207,0.084518326,0.344181855,40,5,PARTIDO CENTRO DEMOCRATICO,79803,0.6142,COALICION PETRO PRESIDENTE,43256,0.3329,PARTIDO ALIANZA SOCIAL INDEPENDIENTE: 0.204,PARTIDO POLITICO MIRA: 0.114,PARTIDO SOMOS: 0.048,0.2813,227841,17088,3428,0.9174,0.0688,0.0138,135282,31507,28605,25294,23565,20274,18898,17084,14057,33776,0.388,0.09,0.082,0.073,0.068,0.058,0.054,0.049,0.04,0.097,17844,8964,45238,84943,14046,48719,53274,8886,334,1024,8842,3170,18462,6130,10238,0.054,0.027,0.137,0.257,0.043,0.148,0.161,0.027,0.001,0.003,0.027,0.01,0.056,0.019,0.031,8402,20,30,14,4947,324063,10866,0.0241,0.0001,0.0001,0,0.0142,0.9303,0.0312,295758,91704,46417,1353,16041,5076,10280,112018,12869,0.31,0.157,0.005,0.054,0.017,0.035,0.379,0.044,295758,91704,46417,1353,16041,5076,10280,112018,12869,0.31,0.157,0.005,0.054,0.017,0.035,0.379,0.044,70401,26162,1950,515,2905,6749,1843,0.637,0.237,0.018,0.005,0.026,0.061,0.017,93242,17283,80362,30163,72630,37895,40608,67966,1951,80237,30288,16740,91374,2411,0.844,0.156,0.727,0.273,0.657,0.343,0.367,0.615,0.018,0.726,0.274,0.151,0.827,0.022,182378,177224,0.507,0.493,4816,11030,17512,28744,14419,9033,0.056,0.129,0.205,0.336,0.169,0.106
9,CASANARE,85,46,178742,6270,226,2674,9170,0.313939515,0.011315842,0.133887442,0.4591428,43,5,PARTIDO CENTRO DEMOCRATICO,128124,0.7168,COALICION PETRO PRESIDENTE,41448,0.2319,PARTIDO LIBERAL COLOMBIANO: 0.192,PARTIDO CAMBIO RADICAL: 0.175,PARTIDO DE LA U: 0.029,0.4849,258484,13502,2771,0.9408,0.0491,0.0101,134896,34224,32564,30986,28760,25177,22300,18889,14866,31966,0.36,0.091,0.087,0.083,0.077,0.067,0.06,0.05,0.04,0.085,14502,9344,49490,70296,15545,49021,70217,10533,230,828,14559,5615,25899,6900,3,0.042,0.027,0.144,0.205,0.045,0.143,0.205,0.031,0.001,0.002,0.042,0.016,0.076,0.02,0,6429,11,28,13,5977,358837,3333,0.0172,0,0.0001,0,0.016,0.9578,0.0089,314966,97528,54830,1528,16346,5776,9741,123626,5591,0.31,0.174,0.005,0.052,0.018,0.031,0.393,0.018,314966,97528,54830,1528,16346,5776,9741,123626,5591,0.31,0.174,0.005,0.052,0.018,0.031,0.393,0.018,86128,28680,640,363,198,3079,1091,0.717,0.239,0.005,0.003,0.002,0.026,0.009,112348,7831,95984,24195,87851,32328,90065,29004,1110,94829,25350,30308,88743,1128,0.935,0.065,0.799,0.201,0.731,0.269,0.749,0.241,0.009,0.789,0.211,0.252,0.738,0.009,192020,187872,0.505,0.495,5543,12819,19633,30987,16230,9573,0.058,0.135,0.207,0.327,0.171,0.101
10,CAUCA,19,11,509128,13945,1421,8985,24351,0.698227519,0.071149609,0.449879832,1.21925696,43,10,COALICION PETRO PRESIDENTE,324640,0.6376,PARTIDO CENTRO DEMOCRATICO,160137,0.3145,PARTIDO CONSERVADOR COLOMBIANO: 0.086,PARTIDO CENTRO DEMOCRÁTICO: 0.079,PARTIDO POLITICO MIRA: 0.061,-0.3231,851076,69459,8220,0.9164,0.0748,0.0089,421349,114253,101715,93193,89832,73648,67032,62801,55934,155777,0.341,0.092,0.082,0.075,0.073,0.06,0.054,0.051,0.045,0.126,56673,26564,155431,297587,45009,146920,219492,32197,1799,3599,42413,18459,65455,18944,17057,0.049,0.023,0.135,0.259,0.039,0.128,0.191,0.028,0.002,0.003,0.037,0.016,0.057,0.017,0.015,307692,38,92,86,244525,672189,10912,0.249,0,0.0001,0.0001,0.1979,0.544,0.0088,1044722,311898,176316,3973,39561,14066,39403,446380,13125,0.299,0.169,0.004,0.038,0.013,0.038,0.427,0.013,1044722,311898,176316,3973,39561,14066,39403,446380,13125,0.299,0.169,0.004,0.038,0.013,0.038,0.427,0.013,158093,143995,6698,19568,8834,28187,2418,0.43,0.392,0.018,0.053,0.024,0.077,0.007,336910,30883,239233,128560,163290,204503,101100,264114,2579,163693,204100,57774,307230,2789,0.916,0.084,0.65,0.35,0.444,0.556,0.275,0.718,0.007,0.445,0.555,0.157,0.835,0.008,615833,627670,0.495,0.505,12126,43663,59641,95208,75465,36363,0.038,0.135,0.185,0.295,0.234,0.113
11,CESAR,20,12,404733,8701,414,4547,13662,0.435659924,0.020729021,0.227668736,0.684057681,46,7,PARTIDO CENTRO DEMOCRATICO,216815,0.5357,COALICION PETRO PRESIDENTE,174256,0.4305,PARTIDO CAMBIO RADICAL: 0.157,PARTIDO LIBERAL COLOMBIANO: 0.111,PARTIDO CENTRO DEMOCRÁTICO: 0.098,0.1052,695243,66342,6637,0.905,0.0864,0.0086,433163,96664,90261,79921,74385,63932,58393,51602,42253,103009,0.396,0.088,0.083,0.073,0.068,0.058,0.053,0.047,0.039,0.094,72536,31214,110511,193250,37508,136125,199106,31325,1197,3178,61116,16562,73727,14177,13869,0.073,0.031,0.111,0.194,0.038,0.137,0.2,0.031,0.001,0.003,0.061,0.017,0.074,0.014,0.014,50975,20,121,75,142149,890104,10139,0.0466,0,0.0001,0.0001,0.13,0.8139,0.0093,884545,301625,125473,2558,75507,10898,29371,329220,9893,0.341,0.142,0.003,0.085,0.012,0.033,0.372,0.011,884545,301625,125473,2558,75507,10898,29371,329220,9893,0.341,0.142,0.003,0.085,0.012,0.033,0.372,0.011,214993,52810,2521,723,1987,21580,1921,0.725,0.178,0.009,0.002,0.007,0.073,0.006,279957,16578,250721,45814,219074,77461,192045,102382,2108,228850,67685,76308,218026,2201,0.944,0.056,0.846,0.154,0.739,0.261,0.648,0.345,0.007,0.772,0.228,0.257,0.735,0.007,543838,554739,0.495,0.505,12837,36204,50498,82513,53261,22516,0.05,0.14,0.196,0.32,0.207,0.087
12,CHOCO,27,17,121434,2265,490,2365,5120,0.113408772,0.024534348,0.118415782,0.256358902,40,5,COALICION PETRO PRESIDENTE,69842,0.5751,PARTIDO CENTRO DEMOCRATICO,46472,0.3827,PARTIDO CAMBIO RADICAL: 0.200,C.C. ANCESTRAL DE COMUNIDADES NEGRAS PLAYA RENACIENTE: 0.052,PARTIDO POLITICO MIRA: 0.024,-0.1924,244607,42607,10823,0.8207,0.143,0.0363,201416,39074,37390,33101,27502,23173,20104,17681,16457,38461,0.443,0.086,0.082,0.073,0.061,0.051,0.044,0.039,0.036,0.085,35183,11653,35348,100949,14854,56201,56316,12120,1365,1729,11404,2941,28104,5869,32571,0.087,0.029,0.087,0.248,0.037,0.138,0.139,0.03,0.003,0.004,0.028,0.007,0.069,0.014,0.08,68366,36,130,124,337160,20866,27677,0.1505,0.0001,0.0003,0.0003,0.7421,0.0459,0.0609,353237,132562,25289,790,16052,1766,7941,143043,25794,0.375,0.072,0.002,0.045,0.005,0.022,0.405,0.073,353237,132562,25289,790,16052,1766,7941,143043,25794,0.375,0.072,0.002,0.045,0.005,0.022,0.405,0.073,22720,32040,6671,929,20952,39403,5410,0.177,0.25,0.052,0.007,0.164,0.308,0.042,97143,30982,36562,91563,26082,102043,2970,120297,4858,62208,65917,17058,104918,6149,0.758,0.242,0.285,0.715,0.204,0.796,0.023,0.939,0.038,0.486,0.514,0.133,0.819,0.048,225982,231430,0.494,0.506,5480,13721,21573,32565,15803,8703,0.056,0.14,0.22,0.333,0.162,0.089
13,CORDOBA,23,13,624885,9215,854,4537,14606,0.461395954,0.042759864,0.227168035,0.731323853,43,5,PARTIDO CENTRO DEMOCRATICO,310683,0.4972,COALICION PETRO PRESIDENTE,299596,0.4794,PARTIDO CONSERVADOR COLOMBIANO: 0.169,PARTIDO CENTRO DEMOCRÁTICO: 0.091,COALICION COLOMBIA: 0.020,0.0178,993178,129909,7969,0.8781,0.1149,0.007,570761,131569,117108,105944,103037,92130,89290,83460,71367,187407,0.368,0.085,0.075,0.068,0.066,0.059,0.058,0.054,0.046,0.121,129392,37749,174845,280698,58670,201188,274106,47729,1666,3167,75723,20004,93962,18724,13610,0.09,0.026,0.122,0.196,0.041,0.141,0.192,0.033,0.001,0.002,0.053,0.014,0.066,0.013,0.01,202606,142,167,77,102237,1237579,9265,0.1305,0.0001,0.0001,0,0.0659,0.7974,0.006,1289815,464244,178798,3134,81254,12672,47638,492427,9648,0.36,0.139,0.002,0.063,0.01,0.037,0.382,0.007,1289815,464244,178798,3134,81254,12672,47638,492427,9648,0.36,0.139,0.002,0.063,0.01,0.037,0.382,0.007,164103,172299,5519,12935,3698,51286,2039,0.398,0.418,0.013,0.031,0.009,0.125,0.005,395853,16026,280367,131512,171842,240037,194127,215661,2091,217204,194675,72344,337380,2155,0.961,0.039,0.681,0.319,0.417,0.583,0.471,0.524,0.005,0.527,0.473,0.176,0.819,0.005,774448,781148,0.498,0.502,18715,49186,66380,111985,90653,47612,0.049,0.128,0.173,0.291,0.236,0.124
14,CUNDINAMARCA,25,15,1191009,54650,1185,23271,79106,2.736330863,0.059333066,1.165181254,3.960845183,45,9,PARTIDO CENTRO DEMOCRATICO,661521,0.5554,COALICION PETRO PRESIDENTE,450382,0.3782,PARTIDO DE LA U: 0.127,PARTIDO CONSERVADOR COLOMBIANO: 0.115,PARTIDO LIBERAL COLOMBIANO: 0.108,0.1772,2066046,68083,21447,0.9585,0.0316,0.0099,849767,241429,225633,212579,209071,178562,172491,166158,144830,368277,0.307,0.087,0.081,0.077,0.076,0.064,0.062,0.06,0.052,0.133,74710,59855,360813,423910,111402,315749,601734,69890,2330,8077,158170,69234,255370,57050,40494,0.029,0.023,0.138,0.162,0.043,0.121,0.231,0.027,0.001,0.003,0.061,0.027,0.098,0.022,0.016,9897,95,146,59,12757,2718390,27453,0.0036,0,0.0001,0,0.0046,0.9818,0.0099,2402599,635732,514870,14003,89415,53198,91777,973709,29895,0.265,0.214,0.006,0.037,0.022,0.038,0.405,0.012,2402599,635732,514870,14003,89415,53198,91777,973709,29895,0.265,0.214,0.006,0.037,0.022,0.038,0.405,0.012,678622,191329,9278,863,5325,7902,6421,0.754,0.213,0.01,0.001,0.006,0.009,0.007,885722,14018,807017,92723,690966,208774,624544,268719,6477,739380,160360,377456,515669,6615,0.984,0.016,0.897,0.103,0.768,0.232,0.694,0.299,0.007,0.822,0.178,0.42,0.573,0.007,1379858,1413019,0.494,0.506,36620,75449,125286,209200,182046,91753,0.051,0.105,0.174,0.29,0.253,0.127
15,GUAINIA,94,50,10428,321,20,117,458,0.016072502,0.001001402,0.005858201,0.022932105,30,5,PARTIDO CENTRO DEMOCRATICO,5873,0.5632,COALICION PETRO PRESIDENTE,4097,0.3929,PARTIDO CENTRO DEMOCRÁTICO: 0.237,PARTIDO ALIANZA SOCIAL INDEPENDIENTE: 0.129,MOVIMIENTO ALTERNATIVO INDIGENA Y SOCIAL - MAIS: 0.047,0.1703,21902,2253,562,0.8861,0.0912,0.0227,16892,3754,3068,2627,2412,2015,1764,1492,1253,2305,0.449,0.1,0.082,0.07,0.064,0.054,0.047,0.04,0.033,0.061,2545,2179,4775,13122,1495,6706,3046,1010,33,79,1064,634,1121,461,44,0.066,0.057,0.125,0.342,0.039,0.175,0.08,0.026,0.001,0.002,0.028,0.017,0.029,0.012,0.001,27780,5,5,4,442,8164,1182,0.7392,0.0001,0.0001,0.0001,0.0118,0.2172,0.0315,33269,10344,3974,64,985,161,710,11545,5486,0.311,0.119,0.002,0.03,0.005,0.021,0.347,0.165,33269,10344,3974,64,985,161,710,11545,5486,0.311,0.119,0.002,0.03,0.005,0.021,0.347,0.165,2372,3196,143,149,60,3250,194,0.253,0.341,0.015,0.016,0.006,0.347,0.021,5822,3542,2047,7317,2621,6743,0,9364,0,3615,5749,693,8442,229,0.622,0.378,0.219,0.781,0.28,0.72,0,1,0,0.386,0.614,0.074,0.902,0.024,23214,21217,0.522,0.478,486,1244,1720,3070,1122,494,0.06,0.153,0.211,0.377,0.138,0.061
16,GUAVIARE,95,54,27655,1407,75,580,2062,0.070448628,0.003755257,0.029040657,0.103244542,35,3,PARTIDO CENTRO DEMOCRATICO,15754,0.5697,COALICION PETRO PRESIDENTE,9839,0.3558,PARTIDO DE LA U: 0.235,NO INFO,NO INFO,0.2139,44767,3190,662,0.9208,0.0656,0.0136,25030,6042,5164,4889,4667,4493,4013,3710,3051,5968,0.373,0.09,0.077,0.073,0.07,0.067,0.06,0.055,0.046,0.089,3437,1563,8972,17666,3010,10271,9077,1893,98,283,2829,1353,2755,1116,5,0.053,0.024,0.139,0.275,0.047,0.16,0.141,0.029,0.002,0.004,0.044,0.021,0.043,0.017,0,6269,3,5,5,2895,56193,1657,0.0935,0,0.0001,0.0001,0.0432,0.8384,0.0247,60690,19383,7206,254,4077,792,1586,21457,5935,0.319,0.119,0.004,0.067,0.013,0.026,0.354,0.098,60690,19383,7206,254,4077,792,1586,21457,5935,0.319,0.119,0.004,0.067,0.013,0.026,0.354,0.098,9577,8202,259,104,284,3359,361,0.432,0.37,0.012,0.005,0.013,0.152,0.016,16455,5691,10029,12117,10255,11891,4150,17644,352,13943,8203,2809,18904,433,0.743,0.257,0.453,0.547,0.463,0.537,0.187,0.797,0.016,0.63,0.37,0.127,0.854,0.02,39080,34001,0.535,0.465,1004,1850,3254,5526,2602,1706,0.063,0.116,0.204,0.347,0.163,0.107
17,HUILA,41,19,463850,15006,595,5721,21322,0.751351893,0.029791708,0.286451031,1.067594632,44,7,PARTIDO CENTRO DEMOCRATICO,296425,0.6391,COALICION PETRO PRESIDENTE,146103,0.315,PARTIDO CENTRO DEMOCRÁTICO: 0.146,PARTIDO LIBERAL COLOMBIANO: 0.143,PARTIDO DE LA U: 0.136,0.3241,699925,41315,6671,0.9358,0.0552,0.0089,348486,87657,79710,71739,69375,59947,57197,55125,48755,123863,0.348,0.087,0.08,0.072,0.069,0.06,0.057,0.055,0.049,0.124,39808,24010,140681,211823,39903,126809,175448,23977,626,1950,29744,13970,68716,17970,13664,0.043,0.026,0.151,0.228,0.043,0.136,0.189,0.026,0.001,0.002,0.032,0.015,0.074,0.019,0.015,12120,35,43,29,4971,976255,8401,0.0121,0,0,0,0.005,0.9744,0.0084,845652,207408,207315,4068,26889,18374,33298,338344,9956,0.245,0.245,0.005,0.032,0.022,0.039,0.4,0.012,845652,207408,207315,4068,26889,18374,33298,338344,9956,0.245,0.245,0.005,0.032,0.022,0.039,0.4,0.012,202261,68851,10710,949,8585,7900,2395,0.671,0.228,0.036,0.003,0.028,0.026,0.008,288382,13269,256798,44853,207477,94174,200504,98726,2421,206020,95631,77438,221755,2458,0.956,0.044,0.851,0.149,0.688,0.312,0.665,0.327,0.008,0.683,0.317,0.257,0.735,0.008,503766,505782,0.499,0.501,10366,29688,45239,79947,58310,30564,0.041,0.117,0.178,0.315,0.229,0.12
18,LA GUAJIRA,44,48,216253,3537,282,2404,6223,0.177097937,0.014119768,0.120368516,0.311586221,42,7,PARTIDO CENTRO DEMOCRATICO,106483,0.4924,COALICION PETRO PRESIDENTE,103547,0.4788,PARTIDO LIBERAL COLOMBIANO: 0.213,PARTIDO CAMBIO RADICAL: 0.052,MOVIMIENTO AUTORIDADES INDÍGENAS DE COLOMBIA: 0.024,0.0136,437314,90344,6418,0.8188,0.1692,0.012,368733,76450,66041,58548,51999,41615,35827,31171,27571,60425,0.451,0.093,0.081,0.072,0.064,0.051,0.044,0.038,0.034,0.074,101501,25434,69393,170930,24930,102730,108273,19751,1017,1794,29350,8813,45254,6559,12171,0.139,0.035,0.095,0.235,0.034,0.141,0.149,0.027,0.001,0.002,0.04,0.012,0.062,0.009,0.017,389883,29,108,111,60246,358937,9066,0.4764,0,0.0001,0.0001,0.0736,0.4386,0.0111,629082,238804,48929,1422,40467,4030,13983,266902,14545,0.38,0.078,0.002,0.064,0.006,0.022,0.424,0.023,629082,238804,48929,1422,40467,4030,13983,266902,14545,0.38,0.078,0.002,0.064,0.006,0.022,0.424,0.023,87353,34363,2832,1387,857,86949,1126,0.407,0.16,0.013,0.006,0.004,0.405,0.005,130335,84532,100043,114824,89975,124892,86305,127499,1063,99152,115715,23171,190543,1153,0.607,0.393,0.466,0.534,0.419,0.581,0.402,0.593,0.005,0.461,0.539,0.108,0.887,0.005,404215,421149,0.49,0.51,8618,32680,39573,60496,31831,9983,0.047,0.178,0.216,0.33,0.174,0.054
19,MAGDALENA,47,21,440719,8543,433,3800,12776,0.427748848,0.021680352,0.190266373,0.639695574,44,6,PARTIDO CENTRO DEMOCRATICO,226098,0.513,COALICION PETRO PRESIDENTE,201845,0.458,PARTIDO OPCIÓN CIUDADANA: 0.138,PARTIDO DE LA U: 0.133,PARTIDO CONSERVADOR COLOMBIANO: 0.098,0.055,809810,81391,6968,0.9016,0.0906,0.0078,488560,108796,97164,87525,82931,73637,68783,63350,54039,135757,0.388,0.086,0.077,0.069,0.066,0.058,0.055,0.05,0.043,0.108,82711,32887,124770,226095,48566,175020,232160,39958,1412,2233,65621,15051,76740,14655,14016,0.072,0.029,0.108,0.196,0.042,0.152,0.202,0.035,0.001,0.002,0.057,0.013,0.067,0.013,0.012,20536,39,93,80,106114,1124721,8959,0.0163,0,0.0001,0.0001,0.0842,0.8923,0.0071,1028746,357968,153295,2861,67139,12008,36050,389765,9660,0.348,0.149,0.003,0.065,0.012,0.035,0.379,0.009,1028746,357968,153295,2861,67139,12008,36050,389765,9660,0.348,0.149,0.003,0.065,0.012,0.035,0.379,0.009,164026,113046,3268,3756,2040,31141,2029,0.514,0.354,0.01,0.012,0.006,0.098,0.006,300043,19263,230955,88351,167990,151316,206326,111040,1940,223958,95348,79508,237765,2033,0.94,0.06,0.723,0.277,0.526,0.474,0.646,0.348,0.006,0.701,0.299,0.249,0.745,0.006,632502,631286,0.5,0.5,13034,35440,50976,92275,68600,28349,0.045,0.123,0.177,0.32,0.238,0.098
20,META,50,52,421873,17263,473,7320,25056,0.864360104,0.023683156,0.366513118,1.254556379,43,7,PARTIDO CENTRO DEMOCRATICO,265210,0.6286,COALICION PETRO PRESIDENTE,131607,0.312,PARTIDO CAMBIO RADICAL: 0.186,PARTIDO DE LA U: 0.109,COALICION COLOMBIA: 0.058,0.3166,634261,28142,13311,0.9387,0.0416,0.0197,306773,79387,75059,69469,67061,57586,53712,50681,42891,98601,0.34,0.088,0.083,0.077,0.074,0.064,0.06,0.056,0.048,0.109,33678,19628,110860,158589,33877,115319,177838,23358,887,2400,45674,14664,73946,17737,21983,0.04,0.023,0.13,0.186,0.04,0.136,0.209,0.027,0.001,0.003,0.054,0.017,0.087,0.021,0.026,20024,32,94,30,8460,855796,16784,0.0222,0,0.0001,0,0.0094,0.9496,0.0186,774477,236411,131099,4011,39483,14707,27935,298564,22267,0.305,0.169,0.005,0.051,0.019,0.036,0.386,0.029,774477,236411,131099,4011,39483,14707,27935,298564,22267,0.305,0.169,0.005,0.051,0.019,0.036,0.386,0.029,221496,50680,1205,453,2350,9397,3179,0.767,0.176,0.004,0.002,0.008,0.033,0.011,266456,22304,228211,60549,226219,62541,191182,94374,3204,240108,48652,97245,188198,3317,0.923,0.077,0.79,0.21,0.783,0.217,0.662,0.327,0.011,0.832,0.168,0.337,0.652,0.011,464906,454223,0.506,0.494,12786,26301,41878,69977,48744,25599,0.057,0.117,0.186,0.311,0.216,0.114
21,NARINO,52,23,584219,14989,1259,7441,23689,0.750500701,0.063038254,0.3725716,1.186110555,43,7,COALICION PETRO PRESIDENTE,368143,0.6301,PARTIDO CENTRO DEMOCRATICO,192387,0.3293,PARTIDO DE LA U: 0.143,PARTIDO CAMBIO RADICAL: 0.139,PARTIDO POLO DEMOCRÁTICO ALTERNATIVO: 0.126,-0.3008,932743,85224,10498,0.9069,0.0829,0.0102,422311,119580,107608,100744,97718,84525,79514,73062,61679,179846,0.318,0.09,0.081,0.076,0.074,0.064,0.06,0.055,0.046,0.136,71853,23738,192468,322372,40145,141747,226035,31699,1317,3139,38519,13745,87139,24021,29532,0.058,0.019,0.154,0.258,0.032,0.114,0.181,0.025,0.001,0.003,0.031,0.011,0.07,0.019,0.024,206239,141,114,101,232242,867459,20291,0.1555,0.0001,0.0001,0.0001,0.1751,0.6539,0.0153,1150065,237328,260704,5319,26608,22621,43744,530859,22882,0.206,0.227,0.005,0.023,0.02,0.038,0.462,0.02,1150065,237328,260704,5319,26608,22621,43744,530859,22882,0.206,0.227,0.005,0.023,0.02,0.038,0.462,0.02,191904,121098,14129,23528,17523,35387,3707,0.471,0.297,0.035,0.058,0.043,0.087,0.009,370826,36450,294873,112403,197862,209414,31580,371653,4043,221799,185477,69296,332893,5087,0.911,0.089,0.724,0.276,0.486,0.514,0.078,0.913,0.01,0.545,0.455,0.17,0.817,0.012,653754,681767,0.49,0.51,11259,38865,58235,104661,95125,37575,0.033,0.112,0.168,0.303,0.275,0.109
22,NORTE DE SANTANDER,54,25,632614,25229,1027,6698,32954,1.263218506,0.051421991,0.335369517,1.650010014,42,5,PARTIDO CENTRO DEMOCRATICO,486897,0.7697,COALICION PETRO PRESIDENTE,112763,0.1782,PARTIDO CAMBIO RADICAL: 0.189,PARTIDO DE LA U: 0.179,PARTIDO CENTRO DEMOCRÁTICO: 0.152,0.5915,938617,64078,9075,0.9277,0.0633,0.009,445450,121407,112051,101871,96630,82080,78850,74013,64546,160845,0.333,0.091,0.084,0.076,0.072,0.061,0.059,0.055,0.048,0.12,70766,29794,173365,256577,51517,164934,247590,33710,1538,2514,46639,19825,106814,23370,17725,0.057,0.024,0.139,0.206,0.041,0.132,0.199,0.027,0.001,0.002,0.037,0.016,0.086,0.019,0.014,4510,238,38,22,5276,1315612,12047,0.0034,0.0002,0,0,0.0039,0.9835,0.009,1137382,292460,235034,6626,45379,23723,48473,473287,12400,0.257,0.207,0.006,0.04,0.021,0.043,0.416,0.011,1137382,292460,235034,6626,45379,23723,48473,473287,12400,0.257,0.207,0.006,0.04,0.021,0.043,0.416,0.011,299409,46856,10028,1361,9209,14460,3392,0.778,0.122,0.026,0.004,0.024,0.038,0.009,368120,16595,320229,64486,304985,79730,189440,191882,3393,319405,65310,108485,272722,3508,0.957,0.043,0.832,0.168,0.793,0.207,0.492,0.499,0.009,0.83,0.17,0.282,0.709,0.009,664057,682749,0.493,0.507,15325,34933,54604,95375,88523,28910,0.048,0.11,0.172,0.3,0.279,0.091
23,PUTUMAYO,86,64,112666,2762,232,1450,4444,0.138293611,0.011616263,0.072601642,0.222511516,40,5,COALICION PETRO PRESIDENTE,77310,0.6862,PARTIDO CENTRO DEMOCRATICO,30912,0.2744,PARTIDO ALIANZA VERDE: 0.232,PARTIDO POLITICO MIRA: 0.060,PARTIDO CENTRO DEMOCRÁTICO: 0.055,-0.4118,188808,12076,1908,0.931,0.0595,0.0094,104015,26679,23335,21714,20175,17123,15454,12904,10553,25525,0.375,0.096,0.084,0.078,0.073,0.062,0.056,0.047,0.038,0.092,11058,5968,34923,63808,12247,38428,48190,7807,359,533,9544,5115,13162,4283,52,0.043,0.023,0.137,0.25,0.048,0.15,0.189,0.031,0.001,0.002,0.037,0.02,0.052,0.017,0,50013,17,12,30,10008,213515,3882,0.1802,0.0001,0,0.0001,0.0361,0.7695,0.014,235965,65288,38555,856,13274,4212,7576,99033,7171,0.277,0.163,0.004,0.056,0.018,0.032,0.42,0.03,235965,65288,38555,856,13274,4212,7576,99033,7171,0.277,0.163,0.004,0.056,0.018,0.032,0.42,0.03,48473,27653,1757,1242,3068,8551,764,0.53,0.302,0.019,0.014,0.034,0.093,0.008,70944,20564,47315,44193,49898,41610,13261,77496,751,54930,36578,9947,80704,857,0.775,0.225,0.517,0.483,0.545,0.455,0.145,0.847,0.008,0.6,0.4,0.109,0.882,0.009,142900,140297,0.505,0.495,3725,10788,15371,24151,10228,7472,0.052,0.15,0.214,0.337,0.143,0.104
24,QUINDIO,63,26,256813,15156,479,5752,21387,0.758862407,0.023983577,0.288003204,1.070849189,41,4,PARTIDO CENTRO DEMOCRATICO,157516,0.6133,COALICION PETRO PRESIDENTE,77910,0.3034,PARTIDO CAMBIO RADICAL: 0.213,PARTIDO POLITICO MIRA: 0.132,NO INFO,0.3099,394224,17868,3706,0.9481,0.043,0.0089,130476,42403,38453,34800,35824,31373,32455,34540,32495,92792,0.258,0.084,0.076,0.069,0.071,0.062,0.064,0.068,0.064,0.184,19137,7271,56390,79966,19280,66732,113263,13693,361,1554,23277,11826,50336,13250,6369,0.04,0.015,0.117,0.166,0.04,0.138,0.235,0.028,0.001,0.003,0.048,0.024,0.104,0.027,0.013,2854,6,21,2,5990,491947,4791,0.0056,0,0,0,0.0118,0.973,0.0095,453480,105845,95875,5298,17674,14442,24107,185756,4483,0.233,0.211,0.012,0.039,0.032,0.053,0.41,0.01,453480,105845,95875,5298,17674,14442,24107,185756,4483,0.233,0.211,0.012,0.039,0.032,0.053,0.41,0.01,150478,15929,905,116,908,431,1287,0.885,0.094,0.005,0.001,0.005,0.003,0.008,168496,1558,165221,4833,154836,15218,136914,31826,1314,159096,10958,77442,91272,1340,0.991,0.009,0.972,0.028,0.911,0.089,0.805,0.187,0.008,0.936,0.064,0.455,0.537,0.008,245663,263977,0.482,0.518,6880,10433,16625,32442,45474,18835,0.053,0.08,0.127,0.248,0.348,0.144
25,RISARALDA,66,24,429876,23957,1042,9258,34257,1.199529341,0.052173042,0.463548969,1.715251352,44,7,PARTIDO CENTRO DEMOCRATICO,258964,0.6024,COALICION PETRO PRESIDENTE,136655,0.3179,PARTIDO CONSERVADOR COLOMBIANO: 0.161,PARTIDO POLITICO MIRA: 0.114,PARTIDO CAMBIO RADICAL: 0.110,0.2845,638607,29512,5431,0.9481,0.0438,0.0081,228530,69564,66168,60012,61084,51700,52257,54293,50041,141111,0.274,0.083,0.079,0.072,0.073,0.062,0.063,0.065,0.06,0.169,30684,14091,98609,146083,31606,106032,173477,21591,600,1709,39993,17227,80480,20770,9292,0.039,0.018,0.124,0.184,0.04,0.134,0.219,0.027,0.001,0.002,0.05,0.022,0.102,0.026,0.012,29637,18,94,29,16533,782335,6114,0.0355,0,0.0001,0,0.0198,0.9372,0.0073,738112,161424,174429,10036,22046,23464,38594,301186,6933,0.219,0.236,0.014,0.03,0.032,0.052,0.408,0.009,738112,161424,174429,10036,22046,23464,38594,301186,6933,0.219,0.236,0.014,0.03,0.032,0.052,0.408,0.009,234068,23726,2331,730,8439,2456,1509,0.857,0.087,0.009,0.003,0.031,0.009,0.006,271487,1772,256692,16567,240402,32857,206994,64716,1549,244517,28742,142422,129220,1617,0.994,0.006,0.939,0.061,0.88,0.12,0.758,0.237,0.006,0.895,0.105,0.521,0.473,0.006,401748,437849,0.479,0.521,12122,18611,29597,54490,70808,27455,0.057,0.087,0.139,0.256,0.332,0.129
26,SAN ANDRES,88,56,15254,574,17,78,669,0.028740236,0.000851192,0.003905468,0.033496896,34,4,PARTIDO CENTRO DEMOCRATICO,9303,0.6099,COALICION PETRO PRESIDENTE,5282,0.3463,G.S.C. MOVIMIENTO DE INTEGRACION REGIONAL: 0.144,PARTIDO SOMOS: 0.052,NO INFO,0.2636,36684,460,317,0.9793,0.0123,0.0085,13877,3615,4205,3703,3446,3018,3180,3578,3345,5867,0.29,0.076,0.088,0.077,0.072,0.063,0.066,0.075,0.07,0.123,504,848,3396,4657,2421,7111,11701,1608,29,135,4434,1700,4666,944,0,0.011,0.019,0.077,0.105,0.055,0.161,0.265,0.036,0.001,0.003,0.1,0.039,0.106,0.021,0,20,0,20308,10,6528,20640,328,0.0004,0,0.4246,0.0002,0.1365,0.4315,0.0069,41500,10429,9579,315,1599,711,1204,17054,609,0.251,0.231,0.008,0.039,0.017,0.029,0.411,0.015,41500,10429,9579,315,1599,711,1204,17054,609,0.251,0.231,0.008,0.039,0.017,0.029,0.411,0.015,2423,13301,77,19,64,241,72,0.15,0.821,0.005,0.001,0.004,0.015,0.004,16102,95,5940,10257,2687,13510,0,16197,0,15729,468,4333,11788,76,0.994,0.006,0.367,0.633,0.166,0.834,0,1,0,0.971,0.029,0.268,0.728,0.005,23326,24973,0.483,0.517,555,1119,1832,3067,3843,1694,0.046,0.092,0.151,0.253,0.317,0.14
27,SAN ANDRES,88,56,15254,574,17,78,669,0.028740236,0.000851192,0.003905468,0.033496896,34,4,PARTIDO CENTRO DEMOCRATICO,9303,0.6099,COALICION PETRO PRESIDENTE,5282,0.3463,G.S.C. MOVIMIENTO DE INTEGRACION REGIONAL: 0.144,PARTIDO SOMOS: 0.052,NO INFO,0.2636,36684,460,317,0.9793,0.0123,0.0085,13877,3615,4205,3703,3446,3018,3180,3578,3345,5867,0.29,0.076,0.088,0.077,0.072,0.063,0.066,0.075,0.07,0.123,2037,1664,6912,12327,2901,10776,10029,2685,333,351,2410,701,2007,723,103,0.036,0.03,0.124,0.22,0.052,0.193,0.179,0.048,0.006,0.006,0.043,0.013,0.036,0.013,0.002,20,0,20308,10,6528,20640,328,0.0004,0,0.4246,0.0002,0.1365,0.4315,0.0069,41500,10429,9579,315,1599,711,1204,17054,609,0.251,0.231,0.008,0.039,0.017,0.029,0.411,0.015,41500,10429,9579,315,1599,711,1204,17054,609,0.251,0.231,0.008,0.039,0.017,0.029,0.411,0.015,2423,13301,77,19,64,241,72,0.15,0.821,0.005,0.001,0.004,0.015,0.004,16102,95,5940,10257,2687,13510,0,16197,0,15729,468,4333,11788,76,0.994,0.006,0.367,0.633,0.166,0.834,0,1,0,0.971,0.029,0.268,0.728,0.005,23326,24973,0.483,0.517,555,1119,1832,3067,3843,1694,0.046,0.092,0.151,0.253,0.317,0.14
28,SANTANDER,68,27,996942,44174,1218,14164,59556,2.211796515,0.06098538,0.70919287,2.981974765,44,8,PARTIDO CENTRO DEMOCRATICO,594334,0.5962,COALICION PETRO PRESIDENTE,343052,0.3441,COALICION ALTERNATIVA SANTANDEREANA AS: 0.106,PARTIDO CAMBIO RADICAL: 0.099,PARTIDO CONSERVADOR COLOMBIANO: 0.092,0.2521,1472991,65845,15812,0.9475,0.0424,0.0102,598398,171035,161606,149819,145464,128373,127128,124021,106800,279385,0.3,0.086,0.081,0.075,0.073,0.064,0.064,0.062,0.054,0.14,70664,42077,256010,331804,66769,209945,421542,43937,1763,4414,88253,61008,195793,52150,7,0.038,0.023,0.139,0.18,0.036,0.114,0.228,0.024,0.001,0.002,0.048,0.033,0.106,0.028,0,1219,347,150,49,22416,1946369,21479,0.0006,0.0002,0.0001,0,0.0113,0.9771,0.0108,1726573,381428,448546,14056,50068,43026,75138,692690,21621,0.221,0.26,0.008,0.029,0.025,0.044,0.401,0.013,1726573,381428,448546,14056,50068,43026,75138,692690,21621,0.221,0.26,0.008,0.029,0.025,0.044,0.401,0.013,452581,113078,15062,892,10808,11248,4707,0.744,0.186,0.025,0.001,0.018,0.018,0.008,602751,5625,516267,92109,461115,147261,414796,188820,4760,484014,124362,274017,329400,4959,0.991,0.009,0.849,0.151,0.758,0.242,0.682,0.31,0.008,0.796,0.204,0.45,0.541,0.008,983439,1025402,0.49,0.51,24496,52853,82076,138398,142483,62208,0.049,0.105,0.163,0.275,0.284,0.124
29,SUCRE,70,28,359263,4805,508,2403,7716,0.240586822,0.02543561,0.120318446,0.386340877,42,6,COALICION PETRO PRESIDENTE,180053,0.5012,PARTIDO CENTRO DEMOCRATICO,171494,0.4773,PARTIDO LIBERAL COLOMBIANO: 0.174,PARTIDO CENTRO DEMOCRÁTICO: 0.049,"COALICION LISTA DE LA DECENCIA (UP,ASI): 0.029",-0.0239,547315,77672,3960,0.8702,0.1235,0.0063,310737,71640,66758,59647,57243,50677,49958,46941,39682,106842,0.361,0.083,0.078,0.069,0.067,0.059,0.058,0.055,0.046,0.124,75637,21953,94087,157031,32339,111319,151635,25163,1673,1650,37848,9276,52952,11377,60,0.096,0.028,0.12,0.2,0.041,0.142,0.193,0.032,0.002,0.002,0.048,0.012,0.068,0.015,0,104878,134,135,46,102654,647511,4767,0.1219,0.0002,0.0002,0.0001,0.1193,0.7528,0.0055,714956,245834,111434,1781,44625,8769,26579,269081,6853,0.344,0.156,0.002,0.062,0.012,0.037,0.376,0.01,714956,245834,111434,1781,44625,8769,26579,269081,6853,0.344,0.156,0.002,0.062,0.012,0.037,0.376,0.01,126372,63347,3304,1373,720,32909,1310,0.551,0.276,0.014,0.006,0.003,0.143,0.006,221591,7744,195362,33973,129300,100035,132145,95876,1314,133504,95831,37837,190167,1331,0.966,0.034,0.852,0.148,0.564,0.436,0.576,0.418,0.006,0.582,0.418,0.165,0.829,0.006,434459,429577,0.503,0.497,7977,22097,33653,59128,55915,21629,0.04,0.11,0.168,0.295,0.279,0.108
30,TOLIMA,73,29,587860,21706,981,9939,32626,1.08682155,0.049118766,0.497646705,1.633587022,44,8,PARTIDO CENTRO DEMOCRATICO,380945,0.648,COALICION PETRO PRESIDENTE,174289,0.2965,PARTIDO DE LA U: 0.112,PARTIDO CAMBIO RADICAL: 0.112,PARTIDO LIBERAL COLOMBIANO: 0.102,0.3515,881663,56801,9444,0.9301,0.0599,0.01,374845,96490,87309,79598,80641,73571,75304,77283,70342,202117,0.308,0.079,0.072,0.065,0.066,0.06,0.062,0.063,0.058,0.166,58496,21669,162910,234218,45667,150729,235615,30480,1470,3181,45137,24376,94773,24120,55,0.052,0.019,0.144,0.207,0.04,0.133,0.208,0.027,0.001,0.003,0.04,0.022,0.084,0.021,0,45156,157,60,37,4991,1155632,11467,0.0371,0.0001,0,0,0.0041,0.9492,0.0094,1059738,295938,207877,6296,40314,22754,51553,423117,11889,0.279,0.196,0.006,0.038,0.021,0.049,0.399,0.011,1059738,295938,207877,6296,40314,22754,51553,423117,11889,0.279,0.196,0.006,0.038,0.021,0.049,0.399,0.011,293567,72048,17022,1658,6918,11596,4075,0.722,0.177,0.042,0.004,0.017,0.028,0.01,397981,8903,345378,61506,301140,105744,281894,120883,4107,301922,104962,123546,279180,4158,0.978,0.022,0.849,0.151,0.74,0.26,0.693,0.297,0.01,0.742,0.258,0.304,0.686,0.01,609017,619746,0.496,0.504,13471,30068,49132,88094,82939,47851,0.043,0.097,0.158,0.283,0.266,0.154
31,VALLE,76,31,1746204,78213,2286,29949,110448,3.916132586,0.114460244,1.499549369,5.530142199,47,10,COALICION PETRO PRESIDENTE,888023,0.5085,PARTIDO CENTRO DEMOCRATICO,747733,0.4282,PARTIDO CENTRO DEMOCRÁTICO: 0.110,PARTIDO CONSERVADOR COLOMBIANO: 0.091,PARTIDO ALIANZA VERDE: 0.078,-0.0803,2897906,103190,30058,0.956,0.034,0.0099,1027542,318843,304619,276973,274749,242830,244068,246732,220236,605637,0.273,0.085,0.081,0.074,0.073,0.065,0.065,0.066,0.059,0.161,111703,65497,407570,539112,144166,464182,895239,97290,3487,11703,225721,102457,371134,83581,53,0.032,0.019,0.116,0.153,0.041,0.132,0.254,0.028,0.001,0.003,0.064,0.029,0.105,0.024,0,30659,136,443,290,644580,3045562,40559,0.0081,0,0.0001,0.0001,0.1713,0.8095,0.0108,3329183,847634,676153,30161,138247,77976,157764,1363129,38119,0.255,0.203,0.009,0.042,0.023,0.047,0.409,0.011,3329183,847634,676153,30161,138247,77976,157764,1363129,38119,0.255,0.203,0.009,0.042,0.023,0.047,0.409,0.011,1102719,86150,7549,3193,17664,4436,9859,0.895,0.07,0.006,0.003,0.014,0.004,0.008,1216379,15191,1174360,57210,1119657,111913,1003741,218169,9660,1156676,74894,683961,537450,10159,0.988,0.012,0.954,0.046,0.909,0.091,0.815,0.177,0.008,0.939,0.061,0.555,0.436,0.008,1800614,1989260,0.475,0.525,50939,86545,137280,243983,321355,122662,0.053,0.09,0.143,0.253,0.334,0.127
32,VAUPES,97,68,8053,134,10,56,200,0.006709393,0.000500701,0.002803925,0.01001402,22,2,COALICION PETRO PRESIDENTE,4759,0.591,PARTIDO CENTRO DEMOCRATICO,3094,0.3842,NO INFO,NO INFO,NO INFO,-0.2068,16224,2024,397,0.8702,0.1086,0.0213,13489,2650,2175,1891,1655,1437,1322,1126,1029,2189,0.466,0.091,0.075,0.065,0.057,0.05,0.046,0.039,0.036,0.076,1848,1283,3920,11502,1542,6145,3084,1012,203,176,576,357,858,336,42,0.056,0.039,0.119,0.35,0.047,0.187,0.094,0.031,0.006,0.005,0.018,0.011,0.026,0.01,0.001,24102,0,10,8,239,3679,925,0.8322,0,0.0003,0.0003,0.0083,0.127,0.0319,27630,6953,3499,54,504,118,770,9371,6361,0.252,0.127,0.002,0.018,0.004,0.028,0.339,0.23,27630,6953,3499,54,504,118,770,9371,6361,0.252,0.127,0.002,0.018,0.004,0.028,0.339,0.23,1974,1032,57,34,37,3448,247,0.289,0.151,0.008,0.005,0.005,0.505,0.036,3249,3580,2393,4436,2124,4705,0,6829,0,2438,4391,280,6253,296,0.476,0.524,0.35,0.65,0.311,0.689,0,1,0,0.357,0.643,0.041,0.916,0.043,19793,17897,0.525,0.475,280,742,1120,2288,854,359,0.05,0.131,0.198,0.405,0.151,0.064
33,VICHADA,99,72,16145,431,31,145,607,0.021580212,0.001552173,0.007260164,0.03039255,34,4,PARTIDO CENTRO DEMOCRATICO,10174,0.6302,COALICION PETRO PRESIDENTE,5364,0.3322,PARTIDO LIBERAL COLOMBIANO: 0.228,MOVIMIENTO ALTERNATIVO INDIGENA Y SOCIAL - MAIS: 0.080,NO INFO,0.298,38377,5232,926,0.8617,0.1175,0.0208,34217,6479,5611,4832,4345,3718,3117,2714,2181,4191,0.479,0.091,0.079,0.068,0.061,0.052,0.044,0.038,0.031,0.059,6874,1986,7995,21507,2207,9181,7169,1391,199,290,1429,876,1750,573,117,0.108,0.031,0.126,0.338,0.035,0.144,0.113,0.022,0.003,0.005,0.022,0.014,0.028,0.009,0.002,41919,1,5,5,558,26700,2217,0.5871,0,0.0001,0.0001,0.0078,0.3739,0.031,57201,21908,4959,168,2303,332,1252,20293,5986,0.383,0.087,0.003,0.04,0.006,0.022,0.355,0.105,57201,21908,4959,168,2303,332,1252,20293,5986,0.383,0.087,0.003,0.04,0.006,0.022,0.355,0.105,882,8416,118,465,77,7375,366,0.05,0.476,0.007,0.026,0.004,0.417,0.021,7697,10002,6506,11193,1140,16559,0,17699,0,6424,11275,903,16357,439,0.435,0.565,0.368,0.632,0.064,0.936,0,1,0,0.363,0.637,0.051,0.924,0.025,40694,35948,0.531,0.469,1130,2769,3313,5201,1612,1188,0.074,0.182,0.218,0.342,0.106,0.078
